<?xml version="1.0" encoding="UTF-8"?>
<beans xmlns="http://www.springframework.org/schema/beans"

    xmlns:xsi="http://www.w3.org/2001/XMLSchema-instance" xmlns:context="http://www.springframework.org/schema/context"
	xmlns:mvc="http://www.springframework.org/schema/mvc"
	xsi:schemaLocation="http://www.springframework.org/schema/beans

        http://www.springframework.org/schema/beans/spring-beans-3.0.xsd

        http://www.springframework.org/schema/context

        http://www.springframework.org/schema/context/spring-context-3.0.xsd
        http://www.springframework.org/schema/mvc
        http://www.springframework.org/schema/mvc/spring-mvc.xsd">

 <mvc:annotation-driven></mvc:annotation-driven>
<context:component-scan base-package="com.pack"></context:component-scan>
 
 <bean class="org.springframework.web.servlet.view.InternalResourceViewResolver">

 <property name="prefix" value="/WEB-INF/jsp/" />

 <property name="suffix" value=".jsp" />

 </bean>
 <bean id="messageSource" class="org.springframework.context.support.ReloadableResourceBundleMessageSource">
    <property name="basename" value="classpath:messages" />
 </bean>
</beans>